<krpano version="1.18">

	<!-- the skin -->
	<include url="skin/defaultskin.xml" />

	<!-- view settings -->
  <view hlookat="0" vlookat="0" maxpixelzoom="1.0" fovmax="150" limitview="auto" />

  <plugin name="gyro" url="gyro.js" enabled="true" camroll="true" friction="0.5" velastic="0" devices="html5" keep="true" />

	<preview url="mohonk_gatehouse_trail_mohonk_gatehouse_trail_W2.tiles/preview.jpg" />

	<image type="CUBE" multires="true" tilesize="512">
		<level tiledimagewidth="2546" tiledimageheight="2546">
			<cube url="mohonk_gatehouse_trail_mohonk_gatehouse_trail_W2.tiles/mres_%s/l3/%v/l3_%s_%v_%h.jpg" />
		</level>
		<level tiledimagewidth="1274" tiledimageheight="1274">
			<cube url="mohonk_gatehouse_trail_mohonk_gatehouse_trail_W2.tiles/mres_%s/l2/%v/l2_%s_%v_%h.jpg" />
		</level>
		<level tiledimagewidth="638" tiledimageheight="638">
			<cube url="mohonk_gatehouse_trail_mohonk_gatehouse_trail_W2.tiles/mres_%s/l1/%v/l1_%s_%v_%h.jpg" />
		</level>
		<mobile>
			<cube url="mohonk_gatehouse_trail_mohonk_gatehouse_trail_W2.tiles/mobile_%s.jpg" />
		</mobile>
	</image>

</krpano>
